{"theta_norms2": [0.011252203573612701, 0.051391990259931505, 0.033200084373642615, 0.03927007458854347, 0.039270074588543695, 0.05745607176652769, 0.03421787600421497, 0.0076154218162344895, 0.01625025363531387, 0.057454124277862464, 0.03214660760157773, 0.061610391090484724, 0.02492941995009986, 0.0076154218162344895, 0.04013422721334759, 0.02200039365780597, 0.0076154218162344895, 0.033200084373642615, 0.011252203573612701, 0.01625025363531387, 0.01625025363531387, 0.0076154218162344895, 0.0076154218162344895, 0.023508184892102397, 0.018239741748031245, 0.018239741748031245, 0.01625025363531387, 0.0076154218162344895, 0.0076154218162344895, 0.0076154218162344895], "F_hat2": [2.4315801243185278, 3.8262429399014555, 3.612417428635947, 2.447346851122941, 2.7915081072199786, 2.751647421239427, 3.699950759678451, 4.027220449473561, 4.552244645925767, 2.855912146615441, 5.961597112415233, 3.8228911681119464, 5.071805332074845, 5.515368836206895, 5.277753712534028, 5.46406427734721, 7.036469513965263, 9.21083863239855, 7.760580487593096, 8.792814874548103, 9.653573688240394, 9.307544549454507, 10.301758853739365, 10.288093914062665, 12.509921634238026, 14.075326775571916, 14.812505335376121, 15.232552868468934, 15.499629445821077, 17.080443564266584], "theta_norms3": [0.1007294782837933, 0.05807503194885153, 0.03412327395615292, 0.07069322486053078, 0.03261950337310127, 0.05161280271045793, 0.023514721034766758, 0.050191990145659046, 0.05585343160329404, 0.03620945270821984, 0.032979821992958826, 0.04889096748437616, 0.032979821992958826, 0.025888470314883578, 0.038375447345905075, 0.03837544734590496, 0.016173123895959304, 0.02235731640700604, 0.016173123895959304, 0.018392909050866702, 0.016173123895959304, 0.009550216658926016, 0.028284882366096716, 0.01071649647095137, 0.009550216658926016, 0.01071649647095137, 0.01071649647095137, 0.009550216658926016, 0.009550216658926016, 0.009550216658926016], "F_hat3": [1.5781492632303467, 2.343042831165046, 3.2796738682333295, 4.433137396863011, 3.6224276718894006, 3.176442823075868, 3.5902795920209627, 4.749383114671081, 3.8940409632389894, 4.863547154679336, 4.873603204738113, 5.55073745502299, 5.830947461650935, 6.524296490455808, 7.144830073650595, 8.011238243411494, 7.861654888185823, 7.2723387934655115, 8.623945587107693, 8.528118245519854, 9.898018576360759, 10.440066517812875, 9.51570662017903, 11.443246206765732, 12.458318542016306, 12.945825113111693, 14.11332457682674, 15.412474104161113, 16.136132502292014, 17.187018518524358], "theta_norms5": [0.09234462382025159, 0.05679831628544523, 0.0715837450902355, 0.05204181144027763, 0.07096003790097845, 0.07724277354227847, 0.06070001074468198, 0.07329281410033857, 0.04582545033653321, 0.12420894358273113, 0.024557528466289474, 0.08584803003960714, 0.052487843486870744, 0.042501968796470904, 0.026319623150234357, 0.03762518068902531, 0.03296943832762751, 0.030220354353326123, 0.03420694985328447, 0.01942651921082151, 0.03835921215038251, 0.029151218555506446, 0.02124450692586328, 0.03156582601273884, 0.02280769720189494, 0.02280769720189494, 0.017153952722988326, 0.022807697201895044, 0.01692798732776765, 0.021244506925863396], "F_hat5": [2.6965882687850495, 2.700908668965787, 3.0770069482347124, 3.244832667639019, 2.441943088385307, 3.6687572793081165, 3.336385331518114, 4.295160292410004, 3.455061497070662, 5.144700413744815, 4.522396969614661, 5.938669538540804, 5.83833775848533, 6.0696325243423415, 5.902645130847792, 7.232568814825917, 6.823118317887087, 6.897075840384155, 8.389845227610074, 8.243522090490393, 7.190359413199726, 10.601416943228772, 10.822160258616771, 9.82748885052478, 10.390539128975275, 11.325492164044489, 13.620822006180884, 12.663452319486053, 14.956753859837542, 17.12607922481171]}