{"theta_norms2": [0.08633114269333429, 0.028856444372695158, 0.057614575323508915, 0.06583481241281788, 0.0909184001693211, 0.011117950299513357, 0.050622459212343686, 0.03533363805782468, 0.018036151584335493, 0.07302138741485335, 0.023537494326794077, 0.023537494326794077, 0.011117950299513357, 0.0402059351954085, 0.03942288232932747, 0.016215708130936896, 0.016215708130936896, 0.018036151584335493, 0.03311709378448709, 0.011117950299513249, 0.011117950299513249, 0.011117950299513249, 0.007826573009757112, 0.016215708130937097, 0.007826573009757112, 0.011117950299513249, 0.011117950299513249, 0.016215708130937097, 0.016215708130937097, 0.016215708130937097], "F_hat2": [25.224542028051037, 27.10492764321471, 28.975527912445813, 31.418513292844214, 33.99678973324067, 35.18751095126189, 38.18051260000998, 40.41500170115922, 43.3849951511117, 46.36354147651408, 49.57704425775703, 53.6638476676695, 57.413118611514946, 61.99578107568522, 66.26182012817668, 71.7551878464216, 77.44616586137569, 82.4453629203694, 88.9569476217705, 95.51209520324099, 102.42875943183017, 109.66497874535371, 117.45292012343863, 126.88362418102768, 135.9673000150396, 145.37302060607814, 155.3300406284055, 167.24087304319872, 179.8713631752724, 193.36036478393996], "theta_norms3": [0.06704530262278229, 0.06638121382293019, 0.08265805495652977, 0.12321200738370103, 0.06646851689568017, 0.07816930272989529, 0.014558180828015688, 0.04774212241848883, 0.047177055327209665, 0.014558180828015688, 0.02566224429627536, 0.023098294685057977, 0.03397863404477639, 0.044331722339880364, 0.014558180828015688, 0.030897308539582016, 0.018207217989706405, 0.01208363251647032, 0.02533793527539722, 0.014558180828015688, 0.021574990828625757, 0.008829676477120022, 0.029961226579175302, 0.02566224429627536, 0.008829676477120022, 0.014558180828015688, 0.01208363251647032, 0.014558180828015688, 0.014558180828015688, 0.01208363251647032], "F_hat3": [23.62186361283125, 25.391487541370495, 26.86924713423453, 28.62963429375564, 31.59034524647721, 33.7889491044346, 35.95543499449866, 38.3418485276076, 41.77039203428059, 44.22085258618708, 47.84667500794415, 51.76885638409235, 55.86950436045772, 59.31893248744738, 63.79599479701169, 68.27005517645999, 72.8629341178943, 78.28871583072826, 83.93300436379643, 90.11671969229572, 96.68451924393342, 103.80388576472961, 110.95453197178581, 119.70914109413259, 128.03940590223874, 138.0622719054527, 147.82156019389822, 159.14066715163537, 170.45665540369902, 182.4277061081008], "theta_norms5": [0.2073544184681475, 0.09600980595190534, 0.1330067798750658, 0.09280053551471638, 0.05770574137222382, 0.06961174982990175, 0.12177060610822495, 0.08053475639884523, 0.11711312153480598, 0.05253725885171762, 0.03974825769327688, 0.021993261499037207, 0.037064929278184694, 0.033025216809627035, 0.05874239779755645, 0.03470642987780186, 0.03178020560203231, 0.01176324507731589, 0.0286919925334962, 0.03251525563481184, 0.0368145499052139, 0.04262622459580492, 0.01699964983137138, 0.02033673727681221, 0.008112677250117148, 0.02055979934920525, 0.011763245077315881, 0.01176324507731589, 0.008112677250117148, 0.020336737276812216], "F_hat5": [24.108534630532056, 25.98274753254399, 28.019198277003127, 29.452146359136833, 32.06718464316622, 34.5843621777736, 37.70012449420015, 38.81654777182463, 42.663098677402004, 45.885512150237574, 49.42974517027399, 52.334386609036265, 55.908710457924585, 60.288882542762714, 64.42358537252457, 69.13309013645478, 73.68460772489365, 79.83193232910475, 86.58056258762583, 92.30508461066422, 97.97529042390089, 105.62715178820278, 113.6966826200664, 122.71062957049728, 131.16606251449022, 140.42439797359748, 151.20756283927102, 161.84809362049566, 174.04561742697743, 187.0197825243457]}