{"theta_norms2": [0.07988519555964371, 0.03919138393815734, 0.04977921994527355, 0.049779219945273685, 0.09958811057169607, 0.039191383938157194, 0.11787512285064466, 0.09690958191199474, 0.06483197357651273, 0.024253111908766785, 0.01435343065564055, 0.02557263204671617, 0.03197311314589217, 0.04977921994527355, 0.05570221259301975, 0.016285823556956323, 0.039191383938157194, 0.011843770474334048, 0.009003767084208443, 0.01435343065564055, 0.011843770474334048, 0.047748701552070186, 0.02790900678412511, 0.02790900678412511, 0.01435343065564055, 0.06079505886396652, 0.030927882108260522, 0.016285823556956465, 0.016285823556956465, 0.009003767084208443], "F_hat2": [1.397580928501702, 1.1198400050070598, 1.1383425313377415, 1.112299858797818, 1.8597918178391797, 1.0105655962926843, 2.3462968730378613, 2.3844432525733175, 1.5262620014097046, 1.3450989793692896, 1.4579942027625823, 1.2524014312173277, 1.2115839561437178, 1.5627893661121204, 2.3093740696437943, 1.4704868202464332, 1.2590988693586163, 1.1641776533358268, 1.5330323469013785, 1.5313583905620756, 1.818085666189542, 2.61009843126823, 1.9013567123425528, 2.5188544261737746, 1.8569732063269717, 4.435507343185897, 2.84601306730189, 1.6087849455396444, 2.279703115786463, 1.6460780281816663], "theta_norms3": [0.11985687443892583, 0.09775820340142605, 0.08823937981923122, 0.02743216617850079, 0.07740757822676529, 0.01798090562314146, 0.11903422001737421, 0.07788547990945179, 0.04823839656411224, 0.03150057525784466, 0.02463288347166156, 0.06100744926218547, 0.01381608144337583, 0.04984442781777385, 0.02974815291447851, 0.01866569548274913, 0.028892250867151116, 0.03922826405143995, 0.027188376352897368, 0.01469623513953131, 0.04477657851847053, 0.01798090562314146, 0.021070418584317144, 0.014696235139531482, 0.009763695764739035, 0.01798090562314146, 0.01381608144337583, 0.01469623513953131, 0.009763695764739035, 0.01469623513953131], "F_hat3": [1.6593366055779781, 1.471322736057751, 1.2845636655132031, 1.609472601620166, 1.4292110434392342, 0.8716255909495829, 1.894779033683524, 1.4507143167028578, 1.7692103035103155, 1.3239354346437262, 1.4192932940512455, 2.4550092167798954, 1.6720992361353353, 1.7594231622663825, 1.573043217045755, 1.3954134840029564, 1.5278532335967787, 1.7463784245910654, 1.9715377870703352, 1.223566617573937, 2.547127482575298, 1.7097676191402889, 1.4220861224607844, 1.6184909325488432, 1.6251768265470588, 2.092898615038125, 2.2371623899997597, 2.3598079507090985, 1.8823267944442221, 2.367062626208965], "theta_norms5": [0.1164451792786631, 0.10040535978561135, 0.04415184694426116, 0.24909142906147275, 0.09954232728974895, 0.1581206574866268, 0.03532188157261166, 0.08407570652833377, 0.08126453307924959, 0.04581846185853966, 0.045499418394177954, 0.07501924167544835, 0.05168554118628509, 0.04730664441076446, 0.04136253410454653, 0.04185279375794088, 0.02218051149439988, 0.10971614177077171, 0.02534865902305967, 0.05579862499025356, 0.024349970420350236, 0.029213513102946908, 0.07398756707267314, 0.04592328284884318, 0.035625551137600124, 0.019963836489662726, 0.01097199221040673, 0.01097199221040673, 0.019516477689617694, 0.019516477689617694], "F_hat5": [1.200300019433938, 1.5087761893104654, 1.557895139679204, 2.37457679852538, 1.497601854700918, 2.201834202885449, 1.4471974320242087, 1.7810350177143128, 1.6445522463857745, 2.2187814228875697, 1.3411001283462387, 1.4656837671458356, 1.5438304377364158, 1.5221892283777123, 1.616188938087089, 1.4444442836721711, 1.7163639022867834, 3.120681907515993, 1.8297143910548246, 1.7838945204147956, 1.6868170331540906, 1.6960729597125412, 2.9621661066180365, 2.448162119786194, 1.982650337892708, 1.848640954806591, 1.6004542285393433, 1.7369588061342527, 2.2352667000348574, 2.2848457440767334]}