{"theta_norms2": [0.09000589246298174, 0.06738538632560946, 0.13894970418542885, 0.0633224021707206, 0.11493500495354998, 0.027672846474014696, 0.07851893469968127, 0.035705707729746815, 0.012299447176911234, 0.04999553800048089, 0.05368185583870865, 0.10288610527004803, 0.010570483691338877, 0.02868652020860106, 0.029739035931594722, 0.035705707729746815, 0.06373768759232279, 0.02868652020860106, 0.030105859881659376, 0.029739035931594722, 0.029739035931594514, 0.014586645170148696, 0.030105859881659376, 0.04391980044339474, 0.014586645170148696, 0.012299447176911234, 0.010570483691338877, 0.010570483691338877, 0.013161646626887295, 0.013161646626887295], "F_hat2": [25.3916919880583, 27.436505501793793, 29.29168670223345, 32.08905426058572, 34.156893284427305, 36.5322666876578, 39.215238049688615, 41.99339904969686, 44.82117450072627, 48.19437795634858, 51.78354356241533, 55.67100463494834, 59.651261371928314, 64.01679282219641, 68.25145920855691, 73.20835185270138, 79.46179175809512, 84.57692262607182, 91.68385553737768, 97.96665409134702, 104.46550742886193, 112.63922771210183, 120.58073070572513, 129.4170169184798, 139.0490956424087, 149.4693937746752, 160.35229455071126, 171.91347276280322, 184.21335712096646, 197.6087439207666], "theta_norms3": [0.06528050861054403, 0.10594111456565783, 0.14289546000477646, 0.1763146349303129, 0.15047865466783739, 0.08276315831449789, 0.100067870655827, 0.07237632428534911, 0.06412391368216312, 0.06125774541517109, 0.03476018066012324, 0.06665742041077533, 0.08326326036070475, 0.017983362584094793, 0.01914947486349379, 0.033067205176819936, 0.03318850475690334, 0.010673908529039244, 0.04130521405115398, 0.04880082510532272, 0.06272144626440256, 0.026357033998702026, 0.017983362584094793, 0.03418568190932814, 0.020446032257072397, 0.01914947486349401, 0.010673908529038998, 0.010673908529039244, 0.014441995309254229, 0.01914947486349401], "F_hat3": [25.983715202818814, 27.6337366417251, 30.152584251204047, 31.62191702926145, 34.301939988657125, 36.410696010715355, 39.374550170232084, 42.32573004087898, 45.36270768846979, 48.45007271200607, 52.35637846173321, 56.16377483600439, 59.564201286531656, 64.33086173102951, 68.91988584312315, 74.22180024294735, 79.42623416557005, 85.477046216314, 91.50245372435327, 98.15630307472244, 105.29237511195214, 112.89832663518628, 121.15775417520173, 130.36505276096383, 139.42491086384737, 150.08340559276542, 160.76371976366366, 173.21704634853805, 185.7646333551856, 199.08327903033677], "theta_norms5": [0.16479924657416375, 0.14810134417366588, 0.09328225557083117, 0.1395109675187404, 0.158582240567935, 0.12269787986369249, 0.06918387882225988, 0.0628887999641789, 0.0400045294326932, 0.10771601523670431, 0.0704773979481856, 0.08414025423009153, 0.04652932114419959, 0.05383286482210089, 0.03822675963701959, 0.04583948519863613, 0.05057053157256408, 0.025498245896471452, 0.033458717305195396, 0.045947981116163626, 0.025498245896471452, 0.02434529881003035, 0.032683684171426836, 0.035307775546254354, 0.015458661424687653, 0.022259805545551674, 0.015458661424687653, 0.03753821014636382, 0.009399898890074039, 0.019200026853163982], "F_hat5": [25.525663497539234, 27.36349564375735, 29.5220962017253, 31.817271415233535, 34.30301547113518, 36.371939523681554, 39.16754003843494, 41.879254899053855, 45.05342847537185, 48.897400642356985, 52.056070095927154, 55.86863004643657, 60.26981154803387, 64.52921388457314, 69.20872985428409, 74.20892462878413, 79.14086520609227, 85.08116445698026, 91.3914547722295, 98.39223070145714, 105.55552853543048, 112.92171600136103, 121.18700184538312, 130.33597624467757, 140.04379738112453, 149.80615411711779, 160.87527063195301, 172.96472293486886, 185.3035242631088, 198.7833267756068]}