{"theta_norms2": [0.06132231222586161, 0.07810409940294609, 0.12574816227619728, 0.064166835480733, 0.026493769199378733, 0.061557152852222796, 0.10199408309655533, 0.10252561141593351, 0.029238695108136228, 0.04483738187034124, 0.029353392381564137, 0.02703288547188053, 0.045865918036205634, 0.012234049203591783, 0.010991581750141442, 0.02649376919937852, 0.026493769199378733, 0.028471526406110885, 0.027032885471880364, 0.03930285279913379, 0.014165655238219988, 0.012234049203591783, 0.029238695108136228, 0.012234049203591736, 0.014165655238219827, 0.012234049203591783, 0.012234049203591783, 0.014165655238219827, 0.026493769199378733, 0.012234049203591783], "F_hat2": [1.1688587724803128, 1.6260517310711784, 2.1873688301102328, 1.9278056011910336, 1.384230381202838, 1.7272068847740918, 1.4092228842145653, 1.8745386351066466, 1.6718494280845797, 1.4023345840136416, 1.8583145478527463, 1.9558308895566126, 1.3568257681607523, 1.9097904429395447, 1.2168243709397588, 1.6470064677147989, 1.7136916948692476, 1.6484158689538164, 1.9086908865997667, 1.6107492588560706, 1.8826338145328603, 2.0395232037063047, 2.0311936588661954, 1.6649738355457027, 1.6831408702970145, 2.5218232194650834, 1.9356961936026582, 1.8532235062264995, 2.79510353440429, 1.9115271520136117], "theta_norms3": [0.19586255945399242, 0.1283001335308929, 0.037025531856980744, 0.061037185345219104, 0.15128378533704925, 0.16802646106923677, 0.05473047173420381, 0.05763108971387471, 0.13391356917586852, 0.06728442943094692, 0.048294823836714004, 0.02134149018229793, 0.041125005989032196, 0.06030380110797158, 0.046392271379947454, 0.0728972512747642, 0.03291899693571499, 0.03291899693571499, 0.035459941277555466, 0.03875630478703154, 0.004782582302037216, 0.004782582302037216, 0.02531356455883217, 0.03875630478703154, 0.024511541422109647, 0.02531356455883217, 0.016316992564454715, 0.004782582302037216, 0.004782582302037216, 0.021581401762981213], "F_hat3": [1.9720180961874803, 2.0225710412755484, 1.4901890469989145, 1.7635366878661731, 1.4106289970862935, 1.799712671328504, 1.4279492262154374, 1.114061941419409, 1.8443098756173981, 2.3339659177170464, 1.3364564902979854, 1.3154577881729959, 1.5435237703748952, 1.931044372672657, 1.3846247129529448, 1.6218765329792093, 2.2025553877066155, 1.3734388494714689, 1.7314026439233874, 2.192472798102917, 1.8986473966499258, 1.4760227664043764, 1.976390943631391, 2.1966908452873577, 1.9948137566190154, 2.074559373680458, 2.031028522957645, 1.922534512054318, 1.6250757519738162, 1.3538236024054018], "theta_norms5": [0.10355753975763911, 0.1702773522590133, 0.07320741498072436, 0.21781159366311048, 0.2845151352498729, 0.048361696683536445, 0.08136267405597, 0.1685724359502879, 0.08995657484023481, 0.07533058613585997, 0.051454123459329204, 0.05248709380848306, 0.08315965425957476, 0.04426992328540355, 0.08615251233473209, 0.03599706959815268, 0.0615372517995184, 0.10089084329066, 0.04847478761369446, 0.03872532050253757, 0.035346855481922394, 0.04115123285222741, 0.04714474165583479, 0.03174050430525268, 0.014247748036590338, 0.023446760746632357, 0.024001252267265866, 0.023446760746632357, 0.008155532935698736, 0.024415966429862504], "F_hat5": [1.9112638664554469, 1.571049446775568, 1.1886295130574447, 2.1165905541135053, 2.9475665013271732, 1.0277571350496852, 1.9969929037088212, 2.309842561459981, 1.8953532095902548, 1.8107020307280886, 1.8859772441864722, 1.6832119331652922, 1.7420417493884934, 1.446372706241659, 2.3425911168877462, 1.667726367805737, 2.218594207480466, 2.560947249369137, 1.79946955486408, 1.432346144604761, 1.6843719465131501, 1.6177457372458548, 2.253555030498053, 2.1799489016062474, 2.0485983803676437, 2.153968288002061, 1.7774476103836172, 1.7490361812499433, 1.7847260276760208, 2.184451057669233]}