{"theta_norms2": [0.14720482454927578, 0.0782341159243306, 0.03009152416099464, 0.12947017998328816, 0.04397912074267532, 0.033860309806001895, 0.04565326186678748, 0.023352522563398433, 0.051521666256189196, 0.041147810482115466, 0.005926511287232465, 0.005926511287232672, 0.016617589773021045, 0.012420237456210332, 0.02809100021119854, 0.02341118405888175, 0.020644649370795267, 0.036008024632532845, 0.03600802463253266, 0.02341118405888175, 0.016617589773021045, 0.02809100021119854, 0.047841782153540825, 0.005926511287232672, 0.0300915241609942, 0.012420237456210332, 0.03009152416099442, 0.005926511287232672, 0.005926511287232672, 0.012420237456210332], "F_hat2": [1.6375590404609055, 1.7461187750339942, 1.7113325104329211, 1.7451868038814384, 2.1615304098523778, 1.5196867203190672, 0.9281804037902405, 1.5695733078026908, 1.4738913274901997, 1.6096800718664663, 1.520360144417666, 1.4653862166359934, 1.3126195730410364, 1.7665542966842762, 1.5388677052840773, 1.825239173788229, 1.4281413993238825, 2.455679061465928, 1.8555475196625408, 1.9039066005951044, 1.6328069084190875, 1.9108782924555758, 2.977114872731983, 1.4722211164039274, 2.504445513507959, 1.6349466236158094, 2.324127773385263, 1.7445134893096412, 1.9248134617267834, 2.069128670711167], "theta_norms3": [0.16858714953977477, 0.15369902003350072, 0.02961916460335589, 0.04506283334570258, 0.05481532544133516, 0.055226355885231525, 0.02796246403157335, 0.049629255874526663, 0.043347324304731726, 0.04933989044841764, 0.04699201751948033, 0.055226355885231525, 0.05522635588523105, 0.031153371931176822, 0.011803231298168095, 0.033883968836173874, 0.052868875483222555, 0.0357226417820436, 0.02171108530864577, 0.06668647031636647, 0.031153371931176822, 0.02171108530864604, 0.020252029561704785, 0.02025202956170476, 0.008836840225267881, 0.01944565644039204, 0.011803231298167998, 0.011803231298167998, 0.011803231298167998, 0.024026050498778248], "F_hat3": [1.48623045404849, 1.2996579568660462, 1.3194559624447257, 1.4718710493509548, 1.1464544683602933, 1.374970589422242, 1.0131442824148573, 1.4312350371719411, 1.5475554108012337, 1.2842595982542853, 1.535002099969282, 1.4087244388953495, 2.2680550458472633, 2.0767036400400376, 1.2307173508357099, 1.4534812990506514, 2.2714952643922257, 1.9984941635761782, 1.4922815235803408, 2.8977593134525264, 1.5944920590873553, 1.710280476922399, 1.3145062784620765, 1.2074914951857139, 1.8329419362569015, 1.7437814446241466, 1.6634244811289942, 1.6785774779556482, 2.0805589896827925, 2.412386595498716], "theta_norms5": [0.17823176122171766, 0.11500968685789877, 0.13028721539031604, 0.09746075086023365, 0.14000786131100335, 0.09602068868166085, 0.10516564459894308, 0.09754165144972626, 0.07724007223894379, 0.07279200967104414, 0.06664358812411635, 0.047266554378941526, 0.07405167340626566, 0.08235147886710346, 0.022352827855427082, 0.02706978424430521, 0.04809984150457754, 0.03611415744923482, 0.019804660149629904, 0.061261973352327886, 0.027027912002276167, 0.049469272751989965, 0.014114182156101758, 0.0768169576751008, 0.022352827855427082, 0.02001564425494053, 0.014114182156101758, 0.017840279097456915, 0.02566757124595271, 0.017826618984418337], "F_hat5": [2.2798101835126103, 1.8215190385220454, 1.5022053052209359, 1.7158241046535423, 1.53833225042133, 1.3977334043154797, 1.5584843441743896, 2.6697258827010986, 1.6059084285810898, 1.6222360069250412, 1.2480255149384223, 1.722902961355643, 1.6333280269906643, 1.989628458688981, 1.3059592237948676, 1.5742976441968166, 1.5379632005579702, 1.6994162055123536, 1.4860818829798872, 1.621204393463937, 1.2871924165955078, 1.6908148618017222, 1.6802879307113003, 2.518838052432584, 1.8360098514212173, 1.648169286673998, 1.6555542055212706, 1.9675017384739542, 1.6911632476978564, 2.232922265310438]}