{"theta_norms2": [0.07363542229021772, 0.18104525749742023, 0.03812751772037625, 0.007860239121039088, 0.0664090649603185, 0.05210218543462577, 0.10790973517469168, 0.04743474242561833, 0.02796103954337641, 0.08603621113130999, 0.038699824437001346, 0.022037806254249333, 0.05252243835734643, 0.007860239121039088, 0.022037806254249333, 0.010283587067606058, 0.01891925439562419, 0.030034968693910594, 0.017719181215542085, 0.022037806254249427, 0.010283587067606058, 0.010283587067606277, 0.007860239121039088, 0.007860239121039088, 0.007860239121039088, 0.007860239121039088, 0.007860239121039088, 0.010283587067606277, 0.007860239121039088, 0.007860239121039088], "F_hat2": [14.27247772529584, 15.528924826485698, 16.399488437992883, 17.723645231689247, 18.681050923527888, 20.42731378431346, 22.05854482954662, 23.509640756537234, 25.28939168937481, 26.734982811715202, 28.767761884416363, 30.981963040197034, 33.23537736199552, 35.588272540385105, 38.16253863387437, 40.96650904650955, 43.86975134096247, 47.283743308958016, 50.70839785478607, 54.127496904833286, 58.29508068539269, 62.38255772944301, 67.09828503008693, 71.82247344036747, 77.39259556634885, 82.96628915825336, 88.72952386134217, 95.16274956550154, 102.30240504101593, 109.6325100760082], "theta_norms3": [0.14495777217871578, 0.0757476784614705, 0.07530153487426496, 0.059651409439031695, 0.08183649377440512, 0.03180439125982681, 0.049078225567582116, 0.04903952804342629, 0.027845425026951094, 0.07964827241799537, 0.07964827241799537, 0.055325428799713985, 0.02964057882056304, 0.025328529468088477, 0.019746532060786613, 0.016002882193903327, 0.025328529468088515, 0.019746532060786613, 0.016030288139566886, 0.016300899657318624, 0.01630089965731879, 0.01630089965731879, 0.016300899657318624, 0.01630089965731879, 0.016327805393363964, 0.011932771269653485, 0.025328529468088477, 0.01630089965731879, 0.011522323509077413, 0.011932771269653485], "F_hat3": [12.511937529753721, 13.556463125400176, 14.53495783859516, 15.55237288821139, 16.500309685874452, 17.92885039493554, 19.33604620296016, 21.05040572773032, 22.16533864508579, 23.717968191120118, 25.583902970759894, 27.327445863618784, 29.38773581115599, 31.73751753822241, 33.890466555250796, 36.458551021483764, 39.203873900730905, 41.83592965314946, 45.27195893267441, 48.4423525890945, 51.71148231503813, 55.733833707819706, 59.88063277831541, 64.15402777825543, 68.7107244760995, 73.76781856105983, 79.37082804007237, 85.10048075273077, 91.37916920357056, 97.8338586681018], "theta_norms5": [0.08686015392227726, 0.06888117155992904, 0.11854475377142999, 0.13448977778903276, 0.10389722321825591, 0.05093352246321746, 0.07870487924926972, 0.06282470029142946, 0.048809908073007065, 0.06625077460794218, 0.05701717149653067, 0.03823408433819381, 0.03091967038446789, 0.06298083283754051, 0.04630509802702243, 0.023020511502939343, 0.01763105115754495, 0.011176913918901302, 0.015945244420137956, 0.015945244420137956, 0.015024048992867146, 0.033786124062991696, 0.015945244420137956, 0.01680253532780392, 0.023193365112584085, 0.015945244420137956, 0.015945244420137956, 0.011176913918901302, 0.015024048992867146, 0.012387581532663994], "F_hat5": [13.798815106118395, 15.100778280611086, 16.415985465157746, 17.2555763062103, 18.877373364370683, 19.756444554911692, 20.741145404901758, 22.7880540930537, 24.268695317979365, 26.20446700737035, 28.22595047672541, 30.187328351160048, 32.16309111117171, 34.84597582397274, 37.317148073531236, 39.81393884829845, 42.77392503557699, 45.841538820391214, 48.991097544509124, 52.819476267497336, 56.80498209041989, 60.56217752903696, 65.3813914731412, 69.87503094214783, 74.86336329871769, 80.58581986029759, 86.585725158326, 92.55150121414579, 99.43274737889803, 106.64185233382072]}