{"theta_norms2": [0.08538708623117792, 0.06046030061236474, 0.08456038750426782, 0.0985767649363261, 0.07093688581510087, 0.06584001808900887, 0.061153455881452205, 0.04389376969680714, 0.09298451475371312, 0.05265022293760404, 0.008203820549952282, 0.055483909928172856, 0.0183517031209161, 0.027488171658358686, 0.0183517031209161, 0.008203820549952282, 0.05810374918002923, 0.03343973700149376, 0.0183517031209161, 0.0183517031209161, 0.020734490618905893, 0.020734490618905893, 0.009767381616971561, 0.0183517031209161, 0.008203820549952282, 0.009767381616971561, 0.009767381616971561, 0.035587430094466015, 0.0183517031209161, 0.008203820549952282], "F_hat2": [1.3108355705192731, 1.4102917305212648, 1.4781435688689768, 1.2791770240482405, 1.7581879504151703, 1.8133404368564552, 1.6787907650618514, 1.64213828820443, 2.223350267065997, 1.3217766653854544, 1.3120019815850112, 2.021638623216165, 1.4158728856456124, 1.528509024736182, 1.492761725533859, 1.823008801410134, 1.9455363867130568, 1.6000990730777545, 1.6290677534768612, 1.5304307315215284, 1.73947843371618, 1.7794382180787975, 1.4292846352501125, 2.0526832554468344, 1.8414422424773078, 1.8042511597976094, 1.4791195333142957, 2.865514720638542, 1.9796484557435559, 2.1253834051570557], "theta_norms3": [0.2977444910135493, 0.13265731841450448, 0.10679214499165701, 0.17600960152578243, 0.020313516371123726, 0.09954511287239301, 0.116305024265418, 0.141252649419576, 0.07132236270068008, 0.0766634413380839, 0.04520274954285868, 0.022907667855664032, 0.07354766271030842, 0.018747801818594905, 0.031617659623389756, 0.03883730136904486, 0.05012286511709096, 0.040752164563676994, 0.027573950273283746, 0.03061692483788225, 0.04452111512421659, 0.02070595346655276, 0.022907667855664032, 0.023894434467429868, 0.027642628546728658, 0.01389874173696822, 0.0546554367014042, 0.01389874173696822, 0.03061692483788225, 0.007139154873771135], "F_hat3": [2.807489138504128, 0.8220177532976357, 1.2206292426806495, 1.4255322750625734, 1.6285051049528305, 1.9570193856073068, 1.5073848212202063, 1.5945887118134223, 1.2394280356427763, 1.8613148041042036, 1.5290208342415395, 1.6298640405791964, 1.5479010813681189, 1.873287945930734, 1.312850080135852, 1.4035795908413335, 1.76008525217382, 1.841232170586691, 1.5760768117365431, 1.6893997416865574, 2.066837263803785, 1.5878083964019347, 2.0881119297455912, 1.8840557092145507, 1.772916282844738, 1.8364784204337703, 3.1538928436512133, 1.8176153408300209, 2.0593230750202856, 1.798553569036929], "theta_norms5": [0.04542319050325542, 0.07757907312676492, 0.08650010208259042, 0.06621926815206725, 0.11543099435064204, 0.05800744599768605, 0.10431704396211014, 0.08371718610373029, 0.06748278545247656, 0.07898367058902873, 0.05166469813844616, 0.058804723019258, 0.07075533938199756, 0.02592927054831893, 0.05312054015213797, 0.03310948866603599, 0.03187359160253218, 0.02918919984379046, 0.03588253452767587, 0.011198218731572488, 0.04886387577861001, 0.028787370410063465, 0.016042302484198228, 0.011198218731572488, 0.026761337464902873, 0.02662026207129488, 0.019398356787287924, 0.032037915106422045, 0.03211918020650202, 0.011198218731572488], "F_hat5": [1.2993567414930955, 1.4830419584704535, 1.8234755581005069, 1.1053903288867237, 2.2568123408353777, 1.112132882736933, 1.5484713843560034, 1.2984583776206724, 1.2622884400538215, 1.892292239878018, 1.8959885381727835, 2.0909952703794787, 1.6515589684723564, 1.7088960967149254, 1.8513428056615897, 1.520688134084745, 1.4784873424013, 1.5494614144286207, 1.9984689557493922, 1.5513277715429532, 1.7833723999614022, 1.8390979683674222, 1.6697173550675954, 1.8802964509623905, 1.9330165734522426, 1.9097262361993417, 1.9653996007741192, 2.4468460859680197, 2.359111505823802, 1.8947995225708794]}