{"theta_norms2": [0.11036145654966144, 0.11243530088579788, 0.02692618565138608, 0.046760741835959206, 0.04630924975694448, 0.030278779473263767, 0.0725330859697215, 0.07683929492982135, 0.018075565965042346, 0.043270247471781605, 0.03279828560636354, 0.030278779473263875, 0.01448528206935251, 0.01448528206935251, 0.007134447722329927, 0.030278779473263875, 0.012953880987200404, 0.012953880987200404, 0.02692618565138608, 0.018075565965042423, 0.012953880987200404, 0.012953880987200404, 0.014485282069352554, 0.012953880987200404, 0.012953880987200404, 0.0071344477223298395, 0.012953880987200404, 0.012953880987200404, 0.0071344477223298395, 0.01448528206935251], "F_hat2": [2.810399189986079, 3.8736027854940076, 2.948588175490984, 3.307125050490396, 3.5100176547046766, 5.002394019678452, 5.383865839155499, 3.790057318289082, 5.27932967282449, 4.292896583985983, 5.544867373911584, 6.7594827543024865, 6.872842367930956, 6.392934135385325, 6.924707810890133, 8.80906959431997, 8.585885372788244, 9.532367291099654, 8.83116785124387, 10.648061728388662, 11.751924521716154, 12.95533393316001, 12.193664738332776, 13.757598234674825, 14.758563169800105, 14.54546299957646, 16.976484295904086, 18.011886801271736, 18.98118239107604, 20.4108903214541], "theta_norms3": [0.09053587329160173, 0.1606523635994608, 0.035600242901464185, 0.09932981276279325, 0.06223115568474319, 0.02543891133820096, 0.10325399134659001, 0.0345170015532102, 0.06680535100465165, 0.046190527700529144, 0.026553805737700126, 0.017196807365724633, 0.02388909939951298, 0.035514074198389076, 0.009212248074444795, 0.04883040444219673, 0.022242643091613005, 0.014808141126448383, 0.02249665777462232, 0.016848456983123223, 0.0171968073657247, 0.02543891133820096, 0.009212248074444795, 0.014808141126448383, 0.012225177858683513, 0.009212248074444653, 0.009212248074444795, 0.012225177858683513, 0.009212248074444795, 0.012225177858683513], "F_hat3": [2.659906990908332, 2.1610301605267495, 3.4028379361279995, 4.119586158881638, 3.683540315329177, 4.479997738059408, 5.279698669813748, 4.314815668425301, 6.166025302434564, 5.868158484403451, 5.448694719800451, 5.831630314681779, 6.553270480506135, 6.2786755079098056, 7.229065583297513, 6.645097798851503, 8.360077216848573, 9.165284662258339, 10.093526244943376, 9.36179313790008, 11.402133742520547, 12.502747879892679, 12.972926251760512, 13.670969159508449, 14.612736793432408, 15.841921554767048, 16.60343638378511, 18.947907999639128, 19.475672621120765, 21.00697210863821], "theta_norms5": [0.11260476105904688, 0.020944089603176463, 0.03284013246695296, 0.15422491122369, 0.09227197073839417, 0.03650516383894508, 0.10672969778675617, 0.059254887749430475, 0.06898899571785407, 0.05826033272585966, 0.06290745156520355, 0.04741528425749576, 0.06799800552532309, 0.027560442994972872, 0.031003838007320973, 0.031364078348906234, 0.03027430003190478, 0.059115714277073884, 0.05243361110788034, 0.012824325935518889, 0.05267705382720686, 0.016783910895951545, 0.01404942108871536, 0.016783910895951545, 0.019202809925239914, 0.021892885425236677, 0.019027929550524507, 0.019202809925239987, 0.01282432593551884, 0.016783910895951465], "F_hat5": [2.763645646584823, 3.1172650128769153, 2.9555496485026365, 2.502573598456624, 2.871211017115824, 3.6334595794653417, 3.9936292824292496, 4.593218780764205, 4.184687747834165, 6.109185274893997, 6.07381890816121, 6.030388549185931, 5.244862379769719, 6.771630577324973, 7.591103482876762, 8.045743765401967, 8.015553101674612, 9.676503118869872, 10.805882454593293, 10.270337401024657, 10.093713001948158, 12.025260641302827, 12.10595175492997, 13.47595706453233, 13.623650887226074, 15.661452919461198, 16.475610317402968, 16.44201853862363, 18.895831222703762, 20.496381422699383]}