{"theta_norms2": [0.07311158078629729, 0.03598066607171229, 0.018204121805735576, 0.025233315302556205, 0.09586009874735842, 0.1958574925796326, 0.049770341257470097, 0.05606850094602881, 0.05363648643578616, 0.04021226238517345, 0.039238475416519175, 0.05637243943448306, 0.05652659132728889, 0.07942620175557487, 0.05663914010638036, 0.01748143833739963, 0.03585953891672512, 0.024628843597751256, 0.01748143833739963, 0.0180842238123754, 0.017356548807937983, 0.0180842238123754, 0.02565460320702694, 0.018204121805735576, 0.01748143833739963, 0.035256624940804476, 0.01748143833739963, 0.0005201306606478835, 0.01748143833739963, 0.0005201306606478835], "F_hat2": [46.990418742986215, 48.73627251855999, 51.78769451429691, 55.922120997469776, 58.65486555713166, 61.993266282958565, 68.97633961866605, 74.14839839168921, 77.61224773013433, 83.90969596610458, 91.75977591396808, 98.13875245313777, 106.37703168356992, 114.0601900367597, 121.12408048029421, 129.84227247001147, 138.21940933922883, 150.62131339594498, 162.15354990126588, 173.36809629452554, 186.00447101726212, 199.22648944660247, 213.245425929018, 228.63944044390243, 246.39173611094876, 264.65691472480927, 283.3326819053802, 303.4980492863675, 326.98616232937565, 349.7836632393817], "theta_norms3": [0.11027199079958074, 0.05692507016763602, 0.10143028511955093, 0.20349405643578516, 0.09099525608020333, 0.02294590537614197, 0.07138035949135042, 0.04298838608388643, 0.06775929235397238, 0.03937202195522127, 0.05741610607705988, 0.06152038859537104, 0.05019379515259743, 0.02990303829833964, 0.027543715027176244, 0.03947873402767143, 0.06680436535964854, 0.03393144001686451, 0.11327441884225035, 0.026211815917314932, 0.01852694836394967, 0.02990303829833978, 0.02605081507550235, 0.05121203528733288, 0.04663672545247626, 0.019160205208160506, 0.021687990918223637, 0.008878410679252935, 0.008878410679252935, 0.01852694836394967], "F_hat3": [60.81618669572313, 63.741106168997206, 68.81440886958978, 76.76601197448495, 80.51892135291993, 86.22074333426369, 90.84283567324438, 99.67977959272632, 107.5806088268179, 117.67126947118294, 123.3602697433168, 132.64113386321245, 144.6272695150735, 152.73728599166, 164.61866245629705, 178.23843960659977, 192.84501865104457, 203.36386342423526, 224.4181451439379, 233.95859006679342, 251.26661994647324, 269.7303209368724, 290.78404489883116, 312.90869819520964, 335.07276496162484, 357.9116882503786, 384.14494899764804, 411.1883174913386, 440.95700369383746, 472.615025658576], "theta_norms5": [0.2370843294770464, 0.06932505078152598, 0.06562757422714698, 0.11577418080615158, 0.1447924227308775, 0.12490374868851618, 0.07486627324438551, 0.15051556923466636, 0.11077825575254896, 0.11264344216651981, 0.1865599988528202, 0.0661489198410223, 0.03187586372619977, 0.07893087580245364, 0.09145536664474656, 0.04090913804914649, 0.023651230679365906, 0.033840867220893356, 0.057010263741125236, 0.07841328325050934, 0.0250308401394139, 0.035339480159623564, 0.02819164597729302, 0.04832261960371256, 0.01636352464088506, 0.033673469927222865, 0.026126481212188364, 0.04101198772463601, 0.04548341799382073, 0.023470162978928517], "F_hat5": [60.638322498661886, 65.78124491767069, 71.69490236444469, 76.1945845736091, 80.61353362393506, 89.98309496114702, 96.31015677237585, 100.84854233467212, 108.73433304683077, 122.1028461009621, 131.07838915605777, 136.55362288536006, 146.10829533750533, 158.5086251200725, 171.75762725081083, 185.49632388735824, 197.43728365862162, 208.77858720216915, 224.99920732596624, 243.03495625939544, 258.8821858028452, 275.24738307411127, 298.91280427496986, 321.23476275935207, 340.27763701351154, 366.0171073455977, 391.6616586493885, 419.81813413912084, 450.6521895952178, 485.144797182968]}