{"theta_norms2": [0.11331317212617016, 0.025874500385823847, 0.14184324135357768, 0.025874500385823847, 0.09332819836547646, 0.031518769572645065, 0.08823653160297, 0.04562164330102072, 0.006141342419971797, 0.053759224451300026, 0.014113822883787394, 0.03128291412731471, 0.031508453968777786, 0.02254619574287131, 0.06691445767363018, 0.03826287614816769, 0.04209368491198134, 0.053759224451300026, 0.02588706113267587, 0.014113822883787394, 0.01412533462719996, 0.019000236525000155, 0.006141342419971797, 0.006141342419971797, 0.014113822883787394, 0.02254619574287131, 0.019000236525000155, 0.006141342419971797, 0.006141342419971797, 0.014113822883787394], "F_hat2": [2.1870228244549947, 1.2387424382717047, 1.712609942283517, 1.3734368678774322, 2.1046668088888865, 1.1278805804510335, 2.4891166934733318, 1.1689293360179323, 1.0631601200551253, 1.5054023742923597, 1.3064442474308569, 1.045430017419195, 1.3612428888391048, 1.3261284751690876, 2.8765009480427715, 2.344818225766404, 1.6474167522658938, 2.5918207899530676, 2.25565242270237, 1.7862360169153377, 1.811867608767513, 1.5948717386662306, 1.5598682012348926, 1.441282498941913, 1.2684557964687173, 1.4742533225705128, 1.540242896614406, 1.9068209238363698, 2.061737989033648, 2.0179758223502993], "theta_norms3": [0.12193748981100608, 0.06872860119534456, 0.13173753384585812, 0.09877511005834322, 0.06718383260480863, 0.0605305969382578, 0.10848948293232356, 0.21894424087501346, 0.051929404460284954, 0.06249718985638199, 0.017509321840357098, 0.036968710703704624, 0.02385873601393854, 0.05156360910987742, 0.0669757021687203, 0.05324030099294575, 0.016907365042442765, 0.009067107852968376, 0.016907365042442765, 0.031256585596047715, 0.011865372586301954, 0.011865372586301954, 0.009067107852968376, 0.009067107852968197, 0.019108923912759042, 0.022588114112742218, 0.009067107852968197, 0.016907365042442765, 0.009067107852968376, 0.009067107852968376], "F_hat3": [1.3830391287053991, 1.2409654261234777, 1.6679921460869012, 1.4306185879254718, 1.3045712889722938, 1.3433863415039031, 2.5749159998274322, 3.4696452472752886, 1.2212741970804804, 1.9932468136839603, 1.352652109881888, 1.5782702104709228, 1.8251081900539754, 1.501002533744186, 1.8579010574168136, 2.056596189330327, 1.4727872962428967, 1.6386421578656898, 1.4147278426154573, 2.1831676482726543, 1.4785321594337597, 1.4192630744172137, 1.5228235953685312, 1.2593634145407953, 1.7566961154092158, 1.8503997550091147, 2.0210270475237646, 2.3993009995025334, 1.5511551245399395, 2.002475230932222], "theta_norms5": [0.1490077072575355, 0.08239104198653975, 0.12211007635040208, 0.08773196858275817, 0.026571148422015096, 0.04165993593764462, 0.09434225675271586, 0.05407659532368874, 0.04271507098623133, 0.0662886705824462, 0.049754062035322795, 0.042193069885576584, 0.05794479918300147, 0.0777924803303774, 0.048142875621837784, 0.035702307259287476, 0.04622988431656992, 0.04127652882749996, 0.031733365152913175, 0.036375886666947896, 0.018493701105028227, 0.02749096157033717, 0.020354211400122044, 0.023217429980247818, 0.018493701105028227, 0.03069925448630902, 0.01704790533193731, 0.013663184660572612, 0.01704790533193716, 0.014098463071333393], "F_hat5": [1.872889901350724, 1.5292602996604105, 1.2112421179530788, 1.1736513001916251, 1.2570016657098604, 1.4687378526804389, 1.4175112042133236, 1.6107358888623584, 1.2787852338181014, 1.2008699756320795, 1.6757071709711253, 1.5059107061061616, 1.4267838899843208, 2.089927758959317, 1.3390772527843946, 1.4646573490514807, 1.8865321859410085, 1.7975572205878794, 1.6170446691650384, 1.7732738862366824, 1.8098665531710698, 1.6126098722157127, 1.5907213578832764, 1.4998232590734366, 1.876444034124457, 2.5459015901676034, 2.255669893258648, 1.6608268954408956, 2.204505412775169, 1.9243191248415255]}