{"2_theta": [0.13115698300939788, 0.12301695606283601, 0.1282887625901146, 0.10596475860672049, 0.07603786442522198, 0.10408732605273177, 0.15769586449396916, 0.11980486319601191, 0.012478525529600368, 0.08577586628918873, 0.07968098806821777, 0.04394259973375257, 0.027626269851273113, 0.11980486319601191, 0.10373094385706748, 0.03445002882634645, 0.02182355343148404, 0.031564496352965085, 0.039935017365502895, 0.006607933080797418, 0.03315655659553832, 0.012478525529600368, 0.023742677297217445, 0.012478525529600368, 0.02182355343148404, 0.024255232511139323, 0.006607933080797418, 0.006607933080797418, 0.015593615368343994, 0.015593615368343994], "2_F_hat": [1.0619201481982394, 0.6198294547427612, 0.8752144331064342, 0.9273413004688986, 1.1175850029986114, 1.1470161505081582, 1.2789233600831762, 0.9672640322243807, 1.1907979837840377, 1.2186322309736666, 1.3402958616527239, 1.3415510475383368, 1.2377967451569625, 2.0134120218182807, 1.6839464456885336, 1.225079202492209, 1.1846137966507901, 1.2984849940524832, 1.7136512044755776, 1.483475435079173, 2.0681968581529313, 1.6584481400975548, 1.7190811931852674, 1.8358946169035266, 2.061727776970913, 2.075591228604318, 1.9736127146763431, 2.1537220690737344, 2.1147005574250444, 2.288385600604517], "3_theta": [0.20474804450069026, 0.16385755536466742, 0.1725411656907506, 0.18691295359148358, 0.23114945059518727, 0.12300296056515804, 0.11493545945138156, 0.08372685580145653, 0.264565296538303, 0.13999502802313832, 0.0986127582475672, 0.059267293768937586, 0.030241311406247137, 0.05520746425614208, 0.048220211029833725, 0.07751436143491618, 0.052222118340351724, 0.02870346545079655, 0.03720136844051678, 0.03348730227900531, 0.017350511702885246, 0.026162385912119283, 0.017350511702885246, 0.011462197451840864, 0.01787854475527594, 0.01787854475527594, 0.0306611063165764, 0.025939019819039854, 0.011462197451840864, 0.012246798628189899], "3_F_hat": [1.2912992374088101, 1.2710605604561165, 1.2216648473773741, 0.8871806553041662, 1.72914466611906, 0.9083573601267353, 1.7411743971816473, 1.3648871530012299, 2.1130245599947153, 1.6615727009303431, 1.582548719896813, 0.9605229001174117, 1.320183518353106, 1.1352566628757135, 1.0644682328950918, 1.4412930470050673, 1.7630447077421665, 1.6866533184295005, 1.542571505720904, 1.4369913770089533, 1.4302113682397948, 1.6076538837780674, 1.578486783431118, 1.9046344859659274, 1.7011833850428164, 2.1189121066514143, 1.9517332380876087, 2.255519287834176, 1.5305067714820695, 1.7297565936397858], "5_theta": [0.9317646233121758, 0.8018147415375801, 0.27411055991387745, 0.1766814259263061, 0.49466689167628847, 0.1252201873928847, 0.15565843630784854, 0.1845464036784234, 0.3000637375721757, 0.14823715139597574, 0.15666607780040803, 0.23071556149698488, 0.12652189321026505, 0.24308371263138925, 0.11930525253411674, 0.07516446237227017, 0.2346049451471652, 0.061725894290285827, 0.05451173390471456, 0.04121078538587447, 0.039150789420080045, 0.029631450605272978, 0.045293396548463406, 0.0668199504774212, 0.01448356032294141, 0.02114853986768356, 0.02878594720969941, 0.0144835603229415, 0.014844730850049823, 0.014844730850049823], "5_F_hat": [2.052550093390382, 1.9783997086586385, 1.3786120408470415, 1.3710057735560996, 0.7087389527860516, 0.9949359531383914, 1.7118361915377651, 1.790167102972725, 1.9916919575292595, 1.7985150352252501, 1.563999751964533, 2.6032688599778813, 1.5721470555436152, 2.512698462899744, 1.5983532958669797, 1.2942150879207304, 3.3478041208837435, 1.3072589463125672, 2.1720436459305352, 1.580051922130643, 1.5169718596169812, 1.3741605640103114, 1.6800083592262007, 2.057271989293218, 1.714734361781438, 2.008846130188261, 2.1094136316975165, 2.036816124741602, 1.850382471992296, 2.1323126997407535]}