{"theta_norms2": [0.18663068847129857, 0.14345396462316193, 0.034928622466219875, 0.09328910760009188, 0.084551875103388, 0.1748844315820799, 0.05416574593035557, 0.059695587357999284, 0.07388520656153648, 0.11261050779650006, 0.04739776174712243, 0.13716997538114228, 0.020743485678194645, 0.07634595540590254, 0.019450195249354745, 0.029202588186596976, 0.021979763388099018, 0.029623476912982286, 0.036781342330641474, 0.036769980228060106, 0.052925131609998996, 0.061654047147218706, 0.03678134233064169, 0.005987638287697141, 0.035316165457381345, 0.023730795906113208, 0.021979763388099018, 0.021979763388099077, 0.019450195249354745, 0.029202588186596976], "F_hat2": [NaN, NaN, NaN, NaN, NaN, NaN, NaN, NaN, NaN, NaN, NaN, NaN, NaN, NaN, NaN, NaN, NaN, NaN, NaN, NaN, NaN, NaN, NaN, NaN, NaN, NaN, NaN, NaN, NaN, NaN], "theta_norms3": [0.19018738697351165, 0.19192409851042938, 0.0639936660357609, 0.1318990783257098, 0.08824568173223647, 0.13932545747046837, 0.12202213526158026, 0.10753884114171432, 0.07874965998075596, 0.04866123384973222, 0.07883097018690627, 0.07506580956716417, 0.09537692168768472, 0.04534471781252572, 0.03468535184395134, 0.075663549071395, 0.04392319981639041, 0.03538005244910631, 0.04173320431586427, 0.01432646999711601, 0.05669104607719677, 0.058404984163303406, 0.02232928173062984, 0.016662106321801883, 0.0194304992046591, 0.02980923584244949, 0.0339847345497141, 0.027658063263894597, 0.0194304992046591, 0.00917579529603203], "F_hat3": [NaN, NaN, NaN, NaN, NaN, NaN, NaN, NaN, NaN, NaN, NaN, NaN, NaN, NaN, NaN, NaN, NaN, NaN, NaN, NaN, NaN, NaN, NaN, NaN, NaN, NaN, NaN, NaN, NaN, NaN], "theta_norms5": [0.14627299485488213, 0.17903068508477502, 0.15862079202038545, 0.16307749281060496, 0.09056468020315941, 0.13747837806002353, 0.0903318246780454, 0.07934183947050952, 0.11879368866919786, 0.07529778515012978, 0.11313082640900171, 0.10409862558681555, 0.1101514134897017, 0.0760397674779672, 0.07312957939209577, 0.10094184384307098, 0.08362059168365767, 0.051529346859137945, 0.08347465328972772, 0.06376139094986102, 0.046392731318717746, 0.049307660503246586, 0.048202063554397094, 0.0568517524187585, 0.03966002116470538, 0.02001827522919201, 0.027231631567382515, 0.02466259136012496, 0.024609152987758544, 0.024558834757669908], "F_hat5": [NaN, NaN, NaN, NaN, NaN, NaN, NaN, NaN, NaN, NaN, NaN, NaN, NaN, NaN, NaN, NaN, NaN, NaN, NaN, NaN, NaN, NaN, NaN, NaN, NaN, NaN, NaN, NaN, NaN, NaN]}